,1,1,1,1,1,1,1,1,1,1,1,1,1,1,1,1,1,1,1,1,1,1,1,1,1,1,1,1,1,1,1,1,1,1,1,1,1,1,1,1,1,1,1,1,1,1,1,1,1,1,1,1,1,1,1,1,1,1,1,1,1,1,1,1,1,1,1,1,1,1,1,1,1,1,1,1,1,1,1,1,1,1,1,1,1,1,1,1,1,1,1,1,1,1,1,1,1,1,1,1,1,1,1,1,1,1,1,1,1,1,1,1,1,1
1,7,7,7,7,7,7,7,7,7,7,7,7,7,7,7,7,7,7,7,7,7,7,7,7,7,7,7,7,7,7,11,11,11,11,11,11,7,7,7,7,7,7,8,8,8,8,8,8,8,8,8,8,8,8,8,8,8,8,8,8,8,8,8,8,8,8,8,8,8,8,8,8,8,8,8,8,8,8,8,8,8,8,8,8,8,8,8,8,8,8,8,8,8,8,8,8,8,8,8,8,8,8,8,8,8,8,8,8,8,8,8,8,8,8
2,173,181,183,181,190,178,180,165,165,168,173,170,180,179,178,163,176,193,163,183,169,166,181,171,175,176,175,186,138,169,182,175,167,164,181,183,311,310,274,298,298,288,238,297,304,327,329,270,322,317,276,264,291,305,259,310,310,349,288,321,351,316,325,370,318,266,321,294,300,307,368,334,277,325,364,319,350,306,314,329,305,307,284,337,307,294,310,306,272,291,337,315,345,323,337,346,288,325,287,329,304,330,449,358,154,152,156,121,9,8,9,8,9,10
3,508,522,537,519,546,517,529,488,488,492,501,496,523,514,510,478,507,537,476,527,491,480,525,494,513,514,513,541,402,498,526,509,470,473,520,527,633,652,624,616,602,628,469,641,642,639,661,576,683,632,591,595,622,631,538,627,611,673,654,633,689,606,677,752,640,675,660,627,621,637,700,700,606,661,793,637,700,643,639,635,676,663,633,717,655,612,668,653,553,635,685,682,731,652,675,714,630,662,616,670,659,669,713,716,192,218,388,366,10,25,41,15,25,140
4,850,856,895,853,899,857,875,821,822,819,826,821,864,843,834,796,827,859,794,860,813,788,863,813,855,845,846,886,684,827,865,846,764,791,856,864,951,989,962,923,898,951,697,967,970,939,1006,846,1021,958,893,944,950,948,823,957,917,988,991,931,1021,887,1021,1089,994,1008,955,969,943,951,1057,1058,943,990,1167,966,1060,985,981,954,1028,961,942,1059,998,912,1008,998,845,970,1038,1032,1112,963,1021,1086,984,1001,971,1023,1003,1011,804,894,226,627,801,733,16,104,285,37,147,499
5,1199,1202,1261,1193,1265,1199,1211,1165,1161,1149,1148,1146,1200,1176,1152,1116,1150,1181,1122,1190,1135,1104,1206,1135,1194,1164,1183,1218,987,1151,1182,1183,1055,1110,1176,1193,1263,1325,1292,1235,1206,1269,984,1323,1307,1248,1361,1112,1337,1290,1216,1262,1289,1260,1120,1287,1250,1296,1331,1241,1357,1161,1367,1444,1343,1358,1259,1303,1246,1266,1443,1406,1264,1325,1519,1291,1438,1337,1313,1286,1353,1262,1242,1387,1339,1200,1336,1343,1151,1309,1396,1384,1464,1307,1379,1445,1344,1347,1326,1385,1335,1359,821,1034,310,943,1290,995,358,496,607,183,470,878
6,1550,1558,1637,1534,1628,1545,1540,1509,1506,1477,1480,1469,1532,1514,1467,1443,1468,1503,1447,1514,1468,1433,1556,1461,1526,1476,1527,1535,1313,1479,1486,1523,1354,1422,1468,1508,1575,1693,1601,1548,1547,1606,1295,1699,1645,1551,1689,1352,1645,1602,1521,1586,1602,1579,1420,1617,1587,1609,1620,1562,1682,1393,1718,1825,1670,1697,1602,1642,1561,1591,1797,1775,1565,1667,1868,1612,1808,1689,1649,1628,1695,1571,1552,1738,1691,1497,1663,1687,1466,1646,1751,1733,1776,1625,1737,1787,1695,1674,1649,1745,1653,1691,832,1140,407,1270,1780,1320,708,875,919,437,812,1248
7,1901,1918,2020,1873,1992,1900,1866,1844,1850,1805,1818,1783,1868,1851,1797,1782,1780,1831,1753,1834,1808,1767,1905,1787,1855,1788,1879,1849,1656,1809,1792,1862,1663,1730,1718,1846,1890,2094,1903,1869,1869,1951,1561,2028,1990,1869,2014,1586,1955,1905,1839,1909,1918,1889,1728,1904,1909,1918,1872,1871,2033,1629,2077,2200,1992,2039,1962,2014,1888,1905,2154,2133,1922,2001,2213,1951,2160,2026,1965,1914,2041,1896,1878,2093,2035,1801,2000,2042,1763,1988,2119,2089,2077,1949,2094,2123,2062,2005,1975,2110,1982,2031,850,1248,689,1567,2277,1640,1058,1238,1236,750,939,1611
8,2250,2282,2393,2216,2351,2260,2192,2174,2197,2133,2158,2102,2211,2181,2136,2115,2088,2163,2052,2151,2149,2104,2246,2115,2189,2113,2252,2176,2004,2143,2094,2202,1978,2043,1971,2205,2207,2467,2209,2179,2185,2279,1875,2359,2333,2210,2320,1821,2307,2221,2169,2247,2228,2211,2041,2234,2216,2240,2156,2195,2399,1872,2443,2532,2315,2370,2349,2417,2219,2226,2505,2465,2285,2337,2578,2298,2500,2383,2237,2234,2385,2248,2211,2438,2372,2110,2337,2400,2075,2347,2489,2453,2391,2314,2451,2440,2437,2340,2312,2448,2318,2376,890,1483,763,1773,2775,1957,1214,1605,1580,1077,1077,1968
9,2599,2643,2752,2565,2712,2619,2513,2510,2546,2462,2483,2434,2567,2511,2474,2433,2410,2500,2364,2476,2480,2442,2570,2442,2535,2459,2602,2512,2340,2483,2388,2548,2293,2360,2291,2563,2525,2791,2498,2529,2502,2633,2124,2707,2674,2567,2639,2078,2646,2513,2508,2570,2535,2533,2371,2605,2541,2560,2447,2521,2743,2120,2791,2879,2643,2747,2718,2874,2563,2549,2853,2809,2647,2680,2916,2637,2841,2735,2540,2557,2724,2599,2551,2768,2708,2412,2676,2756,2413,2719,2869,2821,2723,2679,2817,2747,2831,2680,2664,2799,2651,2741,913,1601,775,1888,3272,2297,1372,1970,1938,1281,1246,2331
10,2947,3008,3105,2920,3081,2973,2833,2841,2902,2793,2798,2771,2933,2841,2821,2749,2754,2840,2673,2805,2812,2775,2901,2766,2884,2822,2915,2852,2663,2822,2684,2897,2604,2673,2662,2931,2819,3124,2789,2876,2830,2979,2293,3071,3008,2921,2970,2403,2957,2809,2840,2897,2857,2824,2678,2958,2868,2856,2769,2841,3094,2434,3160,3190,2951,3128,3044,3332,2903,2874,3206,3158,2992,3003,3274,2961,3200,3072,2852,2853,3067,2948,2907,3123,3043,2710,3028,3112,2675,3100,3248,3179,3078,3026,3182,3121,3216,3034,3003,3156,2997,3103,925,1683,812,2040,3774,2793,1474,2344,2300,1409,1411,2700
11,3304,3373,3464,3274,3454,3327,3168,3164,3258,3130,3118,3109,3296,3183,3172,3072,3110,3179,2982,3135,3151,3102,3253,3088,3228,3181,3229,3197,2977,3151,2996,3246,2907,2982,3029,3304,3139,3435,3055,3199,3145,3329,2407,3428,3347,3254,3314,2763,3250,3166,3187,3232,3171,3137,2980,3298,3196,3163,3076,3164,3461,2778,3512,3504,3271,3487,3363,3719,3234,3194,3564,3509,3339,3333,3628,3301,3573,3415,3180,3167,3409,3285,3283,3485,3373,3022,3370,3487,2984,3474,3640,3514,3446,3354,3561,3554,3589,3388,3341,3526,3339,3467,1088,1796,842,2167,4275,3231,1577,2738,2672,1680,1644,3073
12,3668,3738,3831,3622,3832,3684,3505,3487,3611,3479,3444,3451,3654,3536,3514,3399,3460,3512,3296,3464,3486,3434,3602,3421,3570,3524,3559,3541,3302,3478,3319,3599,3214,3287,3373,3663,3440,3710,3391,3524,3451,3665,2619,3778,3684,3567,3676,3087,3564,3520,3529,3551,3473,3450,3295,3624,3540,3468,3390,3494,3815,3119,3857,3808,3632,3855,3716,4036,3553,3518,3923,3871,3682,3659,3975,3635,3944,3752,3486,3494,3755,3629,3644,3844,3724,3322,3701,3863,3355,3844,4033,3866,3800,3685,3948,3959,3950,3745,3703,3883,3661,3852,1100,1859,879,2327,4798,3639,1825,3134,3024,2012,1785,3450
13,4029,4106,4203,3972,4209,4047,3836,3810,3962,3829,3775,3795,4001,3881,3847,3720,3798,3848,3621,3785,3821,3768,3958,3768,3911,3862,3910,3878,3643,3804,3651,3960,3533,3591,3693,4013,3729,3968,3793,3840,3757,3996,2853,4116,4018,3896,4043,3403,3843,3808,3867,3846,3775,3772,3606,3943,3895,3793,3723,3843,4176,3457,4189,4130,3977,4188,4064,4331,3868,3843,4266,4227,3995,3980,4335,3979,4325,4089,3737,3828,4114,3954,3999,4202,4079,3629,4033,4220,3672,4227,4406,4227,4144,4027,4336,4345,4303,4091,4069,4236,3990,4231,1210,1932,972,2472,5287,4077,1971,3516,3332,2312,1965,3824
14,4389,4474,4576,4332,4585,4407,4155,4129,4311,4176,4110,4136,4336,4227,4179,4035,4131,4189,3935,4112,4156,4100,4315,4111,4250,4199,4276,4222,3993,4132,3979,4317,3861,3900,4008,4354,4017,4263,4102,4168,4066,4332,3108,4454,4357,4224,4404,3730,4148,4112,4169,4166,4064,4093,3929,4286,4230,4131,4074,4173,4540,3762,4540,4456,4314,4499,4400,4635,4186,4154,4633,4589,4303,4319,4680,4322,4709,4447,4079,4153,4479,4264,4347,4560,4445,3931,4377,4561,4004,4614,4787,4583,4492,4393,4722,4717,4683,4438,4435,4596,4322,4614,1389,2377,1410,2660,5754,4500,2204,3881,3621,2637,2293,4190
15,4749,4843,4950,4681,4961,4765,4473,4455,4660,4524,4439,4472,4671,4589,4523,4358,4460,4529,4239,4434,4483,4439,4660,4463,4583,4545,4654,4568,4339,4450,4309,4666,4179,4212,4322,4697,4294,4595,4413,4497,4374,4684,3350,4795,4699,4560,4778,4038,4474,4422,4505,4473,4358,4420,4267,4642,4585,4451,4425,4505,4889,3993,4899,4784,4662,4840,4731,4995,4511,4485,5004,4942,4620,4659,4990,4645,5084,4788,4632,4475,4843,4579,4705,4922,4800,4248,4699,4913,4363,5008,5168,4941,4845,4757,5103,5099,5074,4785,4778,4939,4647,4999,1486,2650,1756,2912,6224,4901,2567,4230,3933,2959,2422,4552
16,4938,5030,5137,4847,5156,4947,4630,4616,4836,4696,4607,4649,4850,4782,4705,4520,4635,4703,4390,4589,4642,4615,4841,4643,4761,4731,4847,4727,4507,4612,4475,4849,4331,4371,4491,4865,4587,4938,4722,4819,4698,5048,3573,5151,5046,4897,5150,4356,4837,4706,4842,4771,4680,4768,4583,4971,4935,4789,4774,4823,5226,4212,5261,5101,5013,5227,5047,5349,4849,4801,5396,5308,4948,4990,5333,4993,5442,5132,5085,4801,5209,4915,5076,5290,5143,4551,5040,5247,4711,5401,5553,5318,5189,5133,5495,5472,5459,5147,5104,5322,4995,5381,1525,2856,2192,3179,6746,5335,2921,4576,4258,3276,2465,4925
17,5310,5411,5512,5185,5538,5307,4966,4936,5185,5040,4943,4993,5204,5151,5056,4859,4975,5043,4697,4900,4965,4961,5185,5004,5095,5098,5220,5059,4850,4928,4794,5207,4636,4695,4813,5217,4857,5274,5046,5133,5015,5426,3804,5495,5389,5220,5497,4693,5156,5040,5165,5061,5014,5124,4879,5309,5268,5125,5123,5157,5596,4390,5629,5454,5334,5567,5344,5719,5223,5124,5797,5671,5269,5318,5694,5339,5806,5481,5508,5130,5572,5257,5442,5667,5478,4875,5400,5598,5037,5778,5941,5693,5508,5512,5896,5847,5852,5509,5420,5689,5353,5766,1664,3183,2656,3505,7272,5725,3122,4938,4588,3595,2645,5304
18,5698,5793,5887,5524,5919,5674,5294,5253,5530,5387,5290,5346,5572,5526,5420,5193,5322,5382,5006,5204,5284,5311,5539,5352,5453,5476,5588,5381,5202,5263,5114,5575,4948,5019,5147,5574,5151,5613,5356,5459,5335,5801,3964,5839,5711,5553,5859,5049,5473,5361,5490,5358,5337,5460,5176,5659,5611,5441,5459,5513,5967,4599,5999,5816,5672,5882,5652,6079,5604,5456,6168,6054,5609,5648,6074,5658,6188,5838,5950,5478,5929,5605,5804,6036,5816,5196,5766,5970,5384,6161,6325,6070,5852,5813,6282,6215,6278,5885,5758,6053,5731,6134,1725,3632,2972,3603,7779,6116,3484,5308,4921,3918,2915,5679
19,6094,6180,6268,5869,6305,6042,5635,5576,5879,5741,5639,5693,5951,5899,5789,5545,5677,5723,5318,5525,5608,5649,5887,5686,5790,5861,5945,5710,5556,5605,5428,5939,5266,5347,5480,5928,5457,5934,5696,5790,5642,6173,4185,6211,6043,5878,6202,5435,5815,5657,5818,5646,5667,5791,5503,5991,5943,5749,5801,5842,6337,4826,6382,6162,5985,6300,6002,6448,6003,5766,6538,6430,5947,5967,6405,5988,6591,6199,6261,5828,6295,5950,6176,6427,6156,5507,6122,6340,5739,6546,6708,6421,6210,6105,6667,6580,6697,6248,6098,6428,6104,6489,1866,4096,3433,3869,8269,6547,3850,5675,5241,4250,3105,6044
20,6490,6572,6647,6233,6685,6415,5972,5904,6226,6098,5989,6045,6332,6269,6151,5894,6030,6066,5634,5842,5936,5998,6236,6028,6152,6237,6290,6036,5915,5957,5744,6304,5594,5660,5819,6286,5781,6247,6037,6128,5947,6545,4505,6631,6374,6207,6544,5798,6170,6013,6154,5958,6006,6133,5806,6338,6289,6075,6146,6178,6687,5063,6743,6497,6316,6701,6377,6805,6375,6083,6919,6805,6274,6290,6738,6346,6997,6570,6535,6175,6661,6289,6531,6798,6507,5821,6485,6706,6121,6926,7098,6796,6552,6422,7061,6930,7117,6614,6429,6802,6458,6861,2253,4546,3883,4134,8752,6997,4213,6032,5556,4592,3331,6398
21,6889,6961,7030,6599,7070,6787,6317,6240,6572,6464,6334,6388,6716,6639,6521,6249,6386,6404,5954,6173,6261,6345,6592,6350,6503,6604,6638,6363,6273,6316,6065,6668,5921,5975,6147,6633,6118,6549,6416,6466,6249,6910,4824,6982,6706,6553,6901,6109,6506,6354,6496,6289,6314,6469,6133,6676,6641,6425,6494,6523,7055,5353,7097,6813,6642,7015,6763,7174,6731,6424,7299,7172,6595,6610,7078,6702,7407,6944,6811,6515,7022,6640,6891,7185,6871,6151,6850,7081,6520,7312,7489,7158,6890,6751,7444,7286,7542,6970,6775,7157,6816,7223,2338,4994,4271,4452,9236,7437,4572,6387,5878,4929,3492,6752
22,7284,7344,7404,6973,7457,7159,6650,6589,6921,6823,6682,6725,7096,7011,6879,6599,6744,6748,6268,6510,6591,6713,6961,6691,6863,6958,6971,6688,6621,6668,6386,7035,6262,6280,6480,6982,6446,6867,6731,6793,6557,7281,5194,7363,7036,6887,7256,6406,6798,6686,6835,6626,6612,6794,6467,7003,6996,6757,6835,6898,7408,5633,7484,7119,6976,7337,7109,7540,7071,6770,7687,7542,6910,6946,7400,7056,7796,7321,7094,6846,7382,6976,7240,7554,7255,6488,7218,7450,6934,7684,7882,7524,7229,7068,7814,7659,7947,7330,7126,7516,7146,7597,2395,5437,4715,4802,9724,7887,4937,6747,6211,5260,3837,7110
23,7678,7736,7790,7344,7846,7540,6993,6935,7262,7189,7039,7065,7468,7376,7239,6953,7097,7089,6572,6842,6911,7076,7334,7014,7218,7302,7308,7020,6967,7026,6723,7406,6598,6596,6808,7349,6770,7174,7058,7117,6875,7660,5637,7734,7362,7215,7625,6700,7117,7024,7167,6954,6918,7130,6803,7338,7337,7098,7173,7253,7738,5933,7849,7445,7315,7729,7456,7906,7371,7125,8062,7927,7229,7314,7738,7401,8172,7710,7389,7179,7742,7323,7594,7937,7624,6822,7590,7817,7316,8063,8297,7904,7590,7376,8200,8042,8346,7695,7477,7902,7482,7982,2514,5895,5150,5125,10235,8370,5311,7114,6549,5592,4178,7472
24,8067,8130,8165,7711,8247,7929,7338,7290,7609,7549,7401,7412,7843,7743,7599,7305,7452,7423,6864,7186,7242,7444,7713,7338,7561,7656,7635,7368,7321,7385,7066,7772,6939,6916,7136,7722,7081,7499,7393,7456,7188,8050,5985,8106,7681,7547,7986,7027,7480,7367,7504,7273,7257,7477,7120,7693,7642,7421,7524,7613,8094,6186,8214,7807,7662,8071,7826,8299,7701,7481,8448,8313,7552,7663,8097,7757,8541,8092,7709,7534,8117,7654,7958,8324,7978,7178,7944,8196,7694,8426,8718,8307,7957,7706,8592,8428,8760,8057,7816,8268,7821,8394,2646,6328,5552,5618,10786,8809,5691,7488,6885,5930,4515,7823
25,8457,8538,8561,8100,8652,8324,7677,7637,7965,7916,7787,7775,8219,8110,7962,7650,7804,7773,7148,7527,7563,7799,8082,7665,7900,8014,7974,7712,7687,7746,7412,8136,7280,7240,7472,8110,7399,7866,7724,7798,7496,8410,6417,8520,8033,7887,8343,7379,7803,7699,7840,7609,7594,7827,7453,8045,7990,7746,7882,7968,8451,6436,8582,8169,8024,8459,8145,8666,8012,7827,8857,8688,7896,8034,8487,8127,8917,8465,8057,7906,8499,7986,8299,8712,8334,7547,8311,8572,8053,8786,9151,8719,8320,8053,8995,8815,9171,8431,8153,8649,8178,8822,3030,6834,5783,6106,11304,9272,6071,7869,7228,6278,4859,8167
26,8841,8954,8946,8492,9057,8733,8036,7984,8327,8281,8157,8152,8596,8471,8331,7996,8162,8113,7432,7867,7894,8143,8462,8002,8231,8374,8306,8069,8064,8100,7756,8501,7618,7574,7806,8485,7714,8198,8080,8149,7811,8776,6824,8940,8380,8236,8713,7743,8140,8014,8180,7947,7934,8177,7793,8421,8326,8104,8246,8324,8800,6701,8954,8537,8391,8804,8467,9014,8364,8185,9242,9057,8247,8383,8870,8497,9305,8848,8395,8280,8884,8329,8644,9100,8691,7907,8702,8949,8426,9142,9588,9113,8688,8378,9403,9192,9562,8812,8487,9038,8524,9242,3444,7331,6082,6565,11804,9782,6448,8257,7572,6618,5202,8521
27,9228,9380,9355,8912,9463,9143,8386,8329,8708,8657,8543,8536,8988,8830,8692,8332,8518,8466,7723,8198,8219,8488,8840,8358,8563,8729,8645,8423,8437,8455,8090,8859,7956,7910,8153,8857,8050,8508,8471,8522,8127,9152,7220,9329,8715,8577,9092,8116,8485,8346,8506,8291,8291,8533,8139,8807,8679,8458,8613,8667,9162,7001,9320,8908,8765,9151,8798,9394,8746,8538,9615,9420,8624,8708,9249,8870,9696,9237,8726,8668,9274,8661,8978,9462,9044,8273,9078,9341,8781,9510,10012,9484,9051,8716,9811,9560,9960,9183,8847,9451,8866,9650,3902,7855,6394,6945,12298,10279,6828,8641,7902,6950,5549,8886
28,9614,9795,9761,9343,9864,9559,8757,8681,9092,9032,8908,8923,9389,9185,9040,8680,8890,8811,8032,8522,8553,8832,9223,8727,8889,9081,8973,8775,8805,8800,8423,9227,8302,8257,8501,9222,8398,8803,8849,8853,8457,9509,7597,9681,9042,8915,9472,8499,8855,8667,8854,8611,8646,8903,8478,9192,9027,8819,8980,9031,9530,7357,9685,9285,9144,9493,9118,9756,9167,8884,10018,9798,8976,9068,9618,9246,10075,9638,9051,9052,9676,9004,9331,9827,9399,8635,9460,9744,9120,9888,10446,9848,9389,9050,10220,9923,10373,9565,9236,9844,9236,10043,4373,8390,6714,7342,12897,10688,7211,9020,8233,7295,5914,9256
29,10004,10220,10172,9769,10263,9973,9118,9038,9482,9431,9278,9309,9790,9526,9399,9028,9243,9154,8344,8842,8892,9174,9609,9085,9207,9420,9306,9129,9153,9142,8760,9589,8646,8597,8860,9579,8736,9107,9223,9196,8778,9877,7973,10032,9381,9265,9865,8877,9275,9012,9204,8941,9009,9275,8824,9560,9366,9159,9355,9387,9905,7710,10068,9658,9524,9864,9450,10136,9570,9239,10407,10204,9317,9451,9992,9613,10479,10030,9373,9434,10101,9360,9696,10195,9764,8985,9855,10153,9482,10252,10845,10213,9743,9388,10621,10297,10771,9948,9630,10227,9630,10419,4684,8956,6887,7618,13499,11119,7588,9391,8566,7666,6287,9630
30,10393,10616,10562,10192,10649,10391,9468,9401,9880,9819,9645,9692,10195,9865,9743,9379,9608,9499,8668,9167,9234,9518,9974,9441,9530,9767,9636,9487,9495,9498,9105,9950,8999,8942,9232,9947,9078,9417,9586,9547,9126,10249,8373,10390,9719,9622,10277,9274,9664,9364,9559,9277,9360,9649,9179,9927,9714,9493,9720,9741,10277,8062,10441,10011,9904,10204,9800,10512,9992,9614,10805,10613,9681,9806,10362,9981,10864,10434,9682,9817,10526,9714,10065,10559,10129,9342,10269,10551,9905,10629,11245,10597,10106,9742,11049,10656,11170,10328,10012,10599,9993,10778,4989,9519,7352,7912,14071,11606,7958,9762,8886,8062,6657,10006
31,10789,11001,10939,10591,11019,10800,9824,9775,10272,10216,10020,10075,10586,10189,10095,9723,9953,9842,8993,9495,9585,9856,10341,9770,9843,10119,9977,9847,9838,9846,9456,10310,9358,9281,9608,10310,9436,9721,9940,9914,9481,10628,8752,10759,10061,9979,10693,9674,10050,9730,9915,9637,9680,10038,9511,10297,10065,9802,10080,10110,10646,8419,10801,10364,10292,10568,10166,10868,10429,9968,11231,11034,10065,10168,10721,10361,11237,10822,9984,10194,10959,10092,10438,10930,10497,9686,10680,10948,10289,10990,11640,10985,10485,10115,11474,10999,11561,10724,10389,10990,10362,11119,5517,10047,7801,8264,14685,12115,8330,10154,9203,8465,7027,10388
32,11175,11371,11296,10978,11373,11195,10158,10144,10649,10625,10381,10460,10969,10521,10441,10064,10299,10180,9316,9832,9936,10196,10699,10094,10163,10459,10320,10203,10193,10203,9828,10679,9721,9626,9989,10669,9793,10052,10313,10294,9809,11027,9064,11115,10387,10329,11087,10044,10406,10092,10252,10000,10009,10429,9842,10685,10378,10144,10476,10477,11050,8747,11176,10743,10661,10939,10543,11212,10865,10325,11626,11448,10434,10541,11066,10745,11638,11214,10291,10598,11391,10467,10833,11299,10884,10039,11092,11333,10629,11349,12042,11403,10882,10498,11893,11347,11963,11099,10786,11384,10718,11497,6075,10522,8190,8489,15361,12627,8703,10557,9543,8873,7406,10769
33,11557,11734,11652,11339,11722,11585,10510,10518,11023,11015,10747,10834,11347,10851,10782,10394,10637,10517,9634,10170,10286,10529,11045,10402,10485,10797,10663,10560,10547,10559,10201,11045,10091,9965,10368,11020,10159,10385,10672,10661,10133,11401,9368,11443,10712,10676,11478,10382,10746,10440,10600,10360,10354,10799,10167,11027,10754,10483,10872,10846,11445,9019,11562,11148,11035,11309,10891,11574,11300,10728,11978,11854,10822,10903,11412,11116,12029,11606,10577,10993,11794,10856,11225,11669,11280,10400,11481,11679,10914,11698,12457,11830,11291,10885,12316,11697,12313,11454,11199,11767,11085,11902,6667,11009,8597,8719,15962,13108,9082,10955,9914,9284,7795,11141
34,11943,12101,12003,11682,12072,11975,10859,10895,11382,11418,11095,11201,11718,11176,11113,10729,10964,10858,9939,10501,10619,10857,11393,10721,10800,11126,11012,10907,10910,10888,10581,11412,10467,10316,10734,11367,10539,10727,11057,11017,10500,11777,9648,11761,11032,11019,11866,10740,11084,10794,10962,10721,10701,11169,10516,11356,11082,10794,11230,11218,11809,9270,11938,11518,11390,11727,11249,11925,11736,11128,12316,12235,11211,11262,11764,11490,12421,11992,10876,11363,12191,11217,11614,12057,11692,10771,11876,11997,11161,12045,12860,12245,11687,11255,12755,12056,12681,11856,11584,12147,11446,12341,7261,11520,8974,9026,16225,13579,9468,11356,10293,9698,8185,11517
35,12328,12463,12353,12019,12411,12367,11206,11259,11737,11823,11454,11556,12095,11509,11447,11056,11290,11188,10242,10830,10952,11185,11747,11059,11128,11454,11353,11258,11265,11223,10960,11768,10839,10670,11093,11717,10907,11031,11443,11357,10831,12169,9935,12065,11377,11351,12279,11093,11419,11140,11295,11079,11079,11512,10849,11720,11428,11140,11583,11582,12167,9567,12277,11883,11775,12080,11598,12293,12168,11498,12651,12584,11590,11618,12111,11888,12850,12373,11165,11721,12607,11588,12023,12460,12077,11131,12277,12301,11424,12421,13262,12659,12063,11620,13173,12430,13052,12257,11963,12559,11816,12760,7837,11913,9392,9180,16667,14075,9855,11766,10669,10119,8576,11901
36,12701,12809,12705,12351,12756,12736,11552,11629,12082,12225,11814,11910,12463,11826,11780,11378,11616,11519,10537,11159,11290,11517,12093,11404,11450,11780,11686,11609,11619,11546,11332,12110,11211,11028,11443,12068,11261,11305,11844,11713,11204,12556,10230,12377,11734,11710,12725,11471,11735,11446,11642,11414,11448,11865,11186,12046,11825,11539,11952,11948,12538,9883,12631,12231,12148,12430,11905,12632,12586,11820,12944,12921,11969,11969,12440,12292,13278,12749,11444,12084,12994,11976,12375,12881,12445,11477,12687,12598,11712,12783,13662,13070,12422,11990,13554,12770,13475,12683,12320,12973,12207,13166,8393,12325,9834,9381,16855,14572,10245,12179,11047,10534,8972,12290
37,13057,13152,13057,12688,13096,13110,11902,11985,12432,12621,12169,12264,12833,12149,12112,11707,11956,11849,10836,11494,11621,11844,12436,11768,11776,12101,12011,11959,11954,11867,11703,12451,11582,11398,11810,12416,11574,11576,12217,12074,11540,12913,10565,12711,12058,12067,13151,11845,12054,11748,11994,11749,11802,12207,11521,12343,12188,11880,12285,12297,12926,10217,13003,12563,12522,12833,12254,12934,13048,12152,13251,13270,12317,12325,12785,12682,13677,13129,11699,12471,13382,12346,12747,13282,12801,11814,13051,12909,12009,13159,14011,13482,12778,12337,13915,13094,13902,13094,12645,13383,12576,13542,8964,12693,10253,9612,16901,15095,10655,12587,11427,10949,9361,12687
38,13408,13493,13415,13019,13439,13485,12251,12332,12770,13012,12536,12615,13203,12473,12439,12027,12293,12181,11162,11826,11953,12160,12774,12122,12104,12416,12325,12320,12306,12189,12077,12802,11956,11765,12173,12771,11898,11864,12579,12424,11895,13276,10909,13039,12351,12430,13587,12210,12383,12047,12369,12098,12162,12554,11817,12669,12515,12171,12600,12666,13275,10558,13325,12913,12902,13164,12575,13273,13538,12472,13568,13590,12670,12696,13114,13053,14065,13508,11977,12832,13800,12731,13150,13680,13158,12140,13417,13237,12364,13550,14359,13875,13137,12724,14262,13351,14314,13492,13002,13759,12935,13886,9544,12971,10687,9948,17004,15613,11080,13003,11816,11373,9759,13089
39,13757,13838,13763,13350,13789,13861,12590,12675,13110,13381,12891,12960,13567,12803,12759,12348,12627,12523,11482,12163,12285,12476,13097,12461,12432,12735,12641,12687,12642,12513,12445,13151,12332,12117,12546,13117,12234,12136,12936,12779,12225,13635,11264,13390,12679,12772,14036,12548,12715,12344,12692,12439,12537,12909,12107,12995,12844,12476,12949,13039,13655,10893,13657,13281,13290,13559,12915,13648,14008,12792,13922,13933,13025,13057,13432,13434,14458,13887,12278,13174,14218,13099,13538,14120,13526,12444,13808,13568,12742,13897,14697,14287,13479,13089,14583,13602,14756,13864,13355,14141,13256,14189,10147,13259,11122,10293,17146,16165,11502,13416,12214,11798,10161,13486
40,14103,14186,14110,13685,14140,14239,12914,13013,13478,13758,13255,13308,13925,13124,13082,12669,12960,12845,11824,12495,12614,12806,13425,12791,12753,13053,12951,13047,13001,12848,12820,13518,12692,12473,12915,13458,12555,12403,13279,13103,12567,13992,11596,13762,12988,13086,14493,12880,13018,12642,13035,12759,12906,13241,12415,13301,13126,12776,13307,13400,13996,11226,13990,13626,13650,13902,13220,13985,14448,13088,14280,14298,13386,13433,13758,13792,14863,14216,12576,13508,14628,13476,13908,14575,13915,12733,14234,13897,13087,14242,15020,14675,13831,13450,14958,13838,15222,14237,13716,14545,13584,14505,10743,13634,11611,10868,,16657,11917,13816,12618,12218,10556,13873
41,14464,14521,14464,14026,14506,14631,13239,13348,13830,14135,13605,13653,14280,13451,13411,12996,13281,13176,12163,12867,12940,13127,13743,13113,13078,13368,13275,13402,13366,13173,13181,13876,13045,12826,13262,13788,12851,12663,13607,13426,12891,14386,11952,14142,13285,13407,14952,13223,13311,12942,13332,13057,13252,13559,12716,13634,13407,13095,13669,13744,14352,11592,14336,13991,13998,14255,13516,14311,14841,13384,14622,14635,13776,13782,14095,14143,15260,14560,12882,13847,15087,13857,14311,15033,14304,13052,14714,14246,13401,14592,15348,15050,14181,13800,15389,14073,15600,14600,14047,14933,13901,14819,11324,13985,12073,11451,,16787,12326,14226,13022,12639,10958,14260
42,14856,14874,14829,14413,14892,15038,13590,13689,14197,14522,13980,14022,14666,13778,13739,13340,13600,13511,12474,13237,13279,13465,14070,13425,13402,13694,13606,13751,13751,13497,13528,14219,13399,13171,13603,14134,13145,12961,14009,13780,13220,14681,12322,14482,13591,13720,15367,13581,13577,13250,13649,13406,13579,13885,13060,13947,13676,13460,13989,14074,14713,11953,14695,14351,14321,14592,13811,14636,15282,13680,14958,14965,14175,14195,14435,14490,15649,14934,13186,14215,15548,14286,14672,15554,14669,13367,15172,14605,13731,14979,15711,15476,14510,14115,15877,14307,15956,15012,14401,15354,14228,15137,11889,14481,12526,11956,,17078,12731,14642,13438,13063,11359,14664
43,15230,15217,15185,14764,15253,15432,13912,14032,14580,14879,14344,14374,15027,14109,14070,13659,13920,13852,12803,13569,13612,13802,14393,13734,13721,14019,13927,14099,14106,13837,13887,14578,13762,13511,13989,14473,13468,13260,14422,14108,13536,15140,12684,14782,13899,14022,15797,13999,13909,13538,13968,13731,13915,14198,13368,14310,13957,13819,14310,14400,15080,12285,15032,14681,14645,14946,14148,15008,15786,13974,15306,15360,14553,14590,14772,14845,16119,15394,13465,14642,15936,14709,15056,,15028,13688,15577,14951,14104,15361,16169,15940,14849,14431,16361,14544,16415,15392,14786,15797,14610,15460,12459,14959,13037,12463,,17262,13129,15048,13842,13475,11752,15069
44,15604,15563,15556,15113,15620,15828,14248,14374,14956,15247,14705,14739,15377,14428,14407,13992,14240,14193,13128,13929,13938,14136,14715,14054,14052,14332,14265,14438,14466,14185,14241,14930,14119,13850,14352,14804,13786,13563,14844,14417,13844,15595,13008,15089,14196,14329,16250,14385,14224,13850,14292,14050,14247,14507,13642,14651,14266,14178,14617,14722,15452,12641,15347,15020,14966,15317,14460,15338,16302,14304,15618,15785,14941,15030,15131,15191,16545,15900,13723,15116,16431,15124,15501,,15418,14068,15999,15306,14538,15765,16564,16414,15246,14761,16775,14788,16915,15855,15126,16281,15012,15885,13002,15389,13547,12967,,17511,13521,15465,14239,13882,12138,15472
45,16000,15912,15923,15483,15984,16212,14613,14750,15326,15627,15073,15114,15725,14756,14737,14335,14563,14514,13453,14271,14266,14464,15040,14379,14381,14657,14597,14774,14830,14518,14590,15275,14470,14190,14690,15144,14104,13866,15259,14731,14155,16028,13287,15419,14479,14663,16669,14736,14544,14159,14608,14358,14574,14832,13927,14959,14607,14523,14924,15044,15793,13016,15657,15354,15289,15732,14807,15706,16768,14674,15935,16229,15309,15451,15539,15546,17006,16381,13974,15524,16965,15568,15820,,15815,14435,16480,15654,15017,16183,16890,16890,15626,15097,17144,15042,17470,16376,15456,16735,15445,16364,13556,15739,14055,13359,,17652,13911,15915,14662,14298,12518,15858
46,16424,16305,16288,15875,16342,16610,14982,15163,15707,16020,15444,15497,16089,15080,15071,14673,14887,14845,13796,14615,14600,14798,15380,14701,14711,14996,14928,15109,15191,14851,14932,15617,14822,14518,15033,15488,14473,14174,15675,15041,14468,16486,13558,15744,14778,14975,17027,15110,14870,14472,14924,14656,14929,15257,14203,15256,14936,14825,15236,15350,16148,13377,15976,15687,15618,16108,15149,16166,17241,15030,16273,16663,15719,15845,15988,15888,17450,16744,14247,15873,17438,16049,,,16294,14795,17034,16028,15500,16586,17225,17355,15975,15465,17573,15295,17976,16878,15834,17124,15828,16847,14061,16165,14562,13733,,17696,14300,16207,15108,14729,12900,16302
47,16825,16682,16664,16258,16742,17014,15346,15559,16089,16428,15816,15883,16436,15407,15406,15009,15213,15184,14143,14939,14933,15140,15712,15010,15048,15328,15262,15440,15544,15194,15290,15956,15179,14855,15411,15840,14861,14475,16080,15351,14773,16952,13897,16082,15085,15297,17368,15495,15178,14787,15241,14953,15349,15696,14503,15571,15242,15123,15573,15656,16501,13731,16305,16043,15941,16436,15454,16615,,15370,16648,17097,16190,16289,16375,16230,17930,17106,14536,16223,17898,16498,,,16763,15131,,16407,15976,17015,17561,17754,16338,15909,18019,15532,18439,17419,16295,,16167,17316,14611,16610,15043,14129,,17763,14675,16324,15560,15183,13284,16715
48,17214,17036,17038,16644,17164,17413,15708,15974,16465,16804,16188,16275,16785,15734,15747,15341,15543,15527,14475,15260,15259,15469,16050,15326,15379,15657,15597,15774,15893,15562,15655,16307,15532,15195,15769,16191,15331,14775,16473,15676,15091,17442,14195,16414,15391,15619,17797,15890,15466,15106,15542,15252,15798,16130,14819,15927,15557,15437,15889,15967,16883,14091,16638,16396,16271,16739,15768,16953,,15686,16984,17509,16705,16710,16727,16576,18386,17459,14812,16559,18330,16933,,,17157,15440,,16796,16438,17396,17895,18068,16696,16329,18488,15772,18819,17906,16671,,16499,17791,15107,17058,15523,14580,,17820,15029,16739,16018,15643,13677,17118
49,17596,17410,17404,17024,17525,17807,16088,16406,16847,17161,16567,16673,17135,16063,16082,15675,15880,15854,14817,15585,15589,15797,16396,15647,15711,15996,15931,16101,16244,15918,16012,16662,15886,15536,16108,16549,15791,15084,16863,16004,15441,17888,14527,16742,15714,15944,18245,16296,15754,15420,15846,15558,16236,16567,15193,16343,15861,15765,16193,16288,17268,14433,16978,16732,16618,17049,16081,17277,,16000,17327,17868,17193,17052,17095,16917,18843,17810,15076,16890,18773,17434,,,17585,15754,,17172,16919,17771,18252,18356,17052,16693,18945,15995,19197,18348,17016,,16858,18265,15540,17564,15980,15070,,17881,15414,17106,16510,16013,14072,17530
50,18014,17802,17774,17412,17896,18192,16456,16854,17235,17546,16937,17080,17487,16396,16422,16009,16221,16192,15167,15906,15916,16129,16748,15972,16048,16345,16274,16448,16587,16268,16351,17013,16235,15870,16450,16912,16247,15397,17238,16377,15767,18303,14892,17056,16032,16270,18705,16722,16145,15733,16153,15857,16682,16995,15629,16791,16157,16077,16520,16627,17635,14784,17304,17067,16984,17452,16403,17604,,16320,17658,18205,17681,17426,17524,17262,19308,18167,15341,17271,19220,17880,,,18071,16102,,17554,17357,18193,18599,18547,17379,17042,19327,16209,19563,18762,17335,,17284,18759,15898,18067,16299,15540,,17925,15818,17455,17013,16434,14487,17936
51,18405,18186,18150,17798,18299,18576,16850,17286,17613,17950,17317,17488,17831,16723,16769,16347,16562,16540,15523,16232,16242,16463,17096,16292,16392,16682,16623,16789,16949,16610,16704,17364,16587,16216,16793,17274,16676,15717,17618,16710,16083,18721,15326,17368,16358,16592,19054,17080,16495,16035,16454,16158,17062,17426,15969,17215,16452,16387,16830,16956,18003,15106,17650,17416,17339,17914,16760,17921,,16634,18032,18548,18152,17884,17995,17649,19674,18507,15617,17736,19520,,,,18555,16554,,17907,17826,18565,18950,,17714,17362,,16420,19922,,17640,,17766,19191,16276,18612,16634,16000,,18064,16209,17801,17482,16852,14905,18304
52,18790,18538,18529,18190,18715,18970,17259,17702,17982,18318,17689,17899,18177,17055,17118,16688,16898,16882,15860,16571,16563,16796,17451,16618,16732,17026,16972,17128,17307,16961,17067,17713,16932,16563,17137,17645,17114,16044,18002,17019,16379,19058,15797,17699,16684,16904,19397,17407,16801,16343,16768,16469,17438,17819,16261,17633,16761,16720,17148,17274,18349,15439,18002,17775,17665,18291,17228,18226,,16971,18437,18889,18534,,18456,18024,20022,18855,15898,18126,,,,,19060,17046,,18267,18320,18913,19294,,18047,17692,,16631,20298,,17968,,18245,19549,16612,18758,17017,16317,,18331,16607,18144,17915,17275,15304,18631
53,19173,18923,18895,18566,19096,19365,17673,18109,18338,18672,18058,18289,18541,17396,17468,17021,17233,17230,16192,16915,16892,17126,17798,16936,17067,17377,17309,17461,17659,17307,17433,18085,17286,16917,17480,18031,17558,16364,18366,17333,16683,19294,16233,18034,17008,17211,19725,17746,17164,16650,17092,16771,17753,18174,16561,18039,17085,17035,17469,17595,18706,15799,18356,18124,17983,18678,17680,18542,,17385,18853,19228,18928,,18931,18385,20301,19209,16201,18492,,,,,19434,17521,,18626,18691,19255,19639,,18410,18084,,16847,20676,,18324,,18715,19912,17125,18833,17414,16660,,18597,16879,18495,18149,17674,15671,18946
54,19548,19290,19273,18944,19478,19755,18045,18503,18705,19035,18421,18671,18920,17736,17818,17366,17576,17582,16523,17253,17239,17457,18154,17267,17408,17727,17651,17821,18013,17646,17792,18462,17640,17270,17821,18437,17907,16666,18681,17658,16989,,16672,18393,17332,17529,20071,18174,17571,16972,17428,17080,18058,18528,16867,18406,17415,17433,17859,17911,19060,16163,18724,18493,18328,19023,18095,18871,,17818,19258,19562,19389,,19402,18748,,19573,16488,18829,,,,,19787,17965,,18996,18986,19599,19976,,18770,18544,,17058,21056,,18671,,19124,20158,17635,19120,17694,17267,,18638,17233,18648,18335,17995,16042,19168
55,19929,19663,19658,19304,19850,20134,18429,18871,19072,19389,18787,19062,19280,18076,18161,17732,17927,17935,16848,17590,17581,17792,18509,17604,17762,18077,17993,18175,18372,17984,18157,18821,18001,17632,18166,18806,18173,16970,18884,18026,17297,,17147,18743,17698,17880,20416,18529,18041,17305,17762,17385,18343,18890,17159,18742,17746,17875,18218,18247,19421,16527,19087,18841,18679,19385,18547,19200,,18174,19626,19901,19798,,19799,19097,,19937,16758,19173,,,,,20133,18396,,19362,19284,19948,20329,,19120,18959,,17282,21422,,19006,,19452,,18108,19334,17856,17482,,18654,17671,18793,18494,18026,16448,19528
56,20311,20033,20041,19683,20203,20523,18832,19232,19432,19752,19158,19453,19644,18413,18520,18079,18263,18282,17178,17941,17905,18117,18851,17956,18109,18426,18366,18530,18740,18328,18515,19185,18345,17986,18524,19173,18430,17290,,18395,17621,,17578,19065,18047,18219,20785,18840,18443,17621,18095,17700,18636,19160,17490,,18093,18213,18541,18570,19791,16870,19440,19193,19035,19764,18954,19533,,18505,19969,20248,20169,,20168,19460,,20298,17028,19532,,,,,20491,18737,,19734,19611,20285,20682,,19463,19283,,17502,21799,,19335,,19802,,18643,,17960,17796,,18710,17999,19026,18709,,16871,19791
57,20695,20397,20404,20060,20592,20915,19234,19604,19799,20118,19537,19825,20025,18759,18881,18419,18606,18644,17509,18290,18241,18446,19210,18305,18454,18780,18733,18884,19110,18669,18886,19546,18702,18336,18872,19567,18676,17621,,18721,17941,,18009,19415,18385,18555,21020,19152,18749,17934,18425,18020,18956,19363,17884,,18429,18501,18861,18902,20143,17197,19780,19555,19377,20141,19293,19858,,18833,20292,20587,20534,,20532,19821,,20671,17293,19889,,,,,20851,19059,,20092,19946,20619,21030,,19797,,,17698,22186,,19676,,20111,,18928,,18269,18024,,18742,18165,19207,18737,,17226,19799
58,21096,20777,20784,20427,20973,21320,19601,19983,20148,20488,19898,20206,20403,19107,19236,18774,18953,18990,17845,18644,18599,18788,19576,18661,18796,19123,19082,19255,19480,19005,19247,19919,19063,18691,19225,19962,18892,17930,,19053,18264,,18427,19788,18706,18898,,19481,19059,18273,18748,18328,19307,19506,18237,,18760,,19199,19238,20483,17549,20147,19916,19720,20523,19637,20182,,19155,20645,20925,20915,,20904,20177,,21060,17551,20248,,,,,21220,19354,,20437,20256,20973,21375,,20125,,,17887,22567,,20029,,,,19216,,18384,18465,,18750,18312,19431,,,17530,20152
59,21502,21177,21168,20793,21339,21694,19978,20345,20511,20861,20266,20591,20782,19462,19595,19154,19303,19355,18179,18998,18955,19138,19941,19006,19161,19479,19426,19623,19847,19356,19615,20303,19429,19037,19562,20347,,18281,,19381,18591,,18874,20163,19021,19235,,19800,19304,18693,19056,18645,19613,,18549,,19088,,19552,19577,20847,17872,20526,20316,20069,20893,19977,20524,,19488,20983,21274,21300,,21295,20519,,21461,17832,20593,,,,,21585,19627,,20792,20537,21321,21731,,,,,18076,22919,,20383,,,,19506,,18592,18566,,18766,18436,19700,,,17947,20346
60,21896,21577,21566,21162,21717,22092,20350,20695,20873,21249,20637,20965,21182,19813,19962,19507,19662,19709,18525,19339,19299,19478,20301,19345,19514,19842,19800,19994,20228,19694,19963,20676,19772,19399,19915,20728,,18584,,19722,18939,,19315,20509,19348,19589,,20096,,19103,19376,18976,19898,,18867,,19420,,19897,19910,21232,18186,20903,20702,20434,21260,20307,20865,,19826,21328,21617,21670,,21669,20890,,21845,18134,20935,,,,,21959,,,21158,20783,21663,22081,,,,,18271,23197,,20739,,,,19937,,18614,18673,,18774,18788,19711,,,18328,20498
61,22298,21974,21944,21544,22107,22486,20725,21055,21234,21635,21032,21341,21571,20169,20334,19847,20024,20057,18865,19694,19649,19831,20691,19695,19864,20190,20177,20369,20619,20058,20339,21054,20121,19757,20262,21098,,18906,,20053,19301,,19686,20857,,19926,,20409,,19443,19711,19302,20226,,19196,,19762,,20227,20264,21630,18497,21302,21084,20799,21609,20647,21181,,20166,21685,21968,22037,,22052,21252,,22222,18406,21312,,,,,22341,,,21534,,22014,22439,,,,,,,,21097,,,,20299,,18775,18854,,18801,19106,20061,,,18707,20844
62,22711,22365,22349,21954,22489,22891,21100,21426,21606,22016,21414,21727,21986,20523,20698,20199,20381,20427,19212,20051,19989,20184,21084,20050,20228,20554,20538,20736,21005,20412,20716,21441,20499,20111,20639,21484,,19239,,20394,19619,,19987,21227,,20264,,20702,,19784,20059,19639,20550,,19514,,20096,,20553,20617,21996,18881,21684,21465,21176,21966,21000,21488,,20506,22042,22310,22434,,22412,21625,,22590,18674,21672,,,,,22716,,,21906,,22373,22804,,,,,,,,21454,,,,20360,,19160,18910,,18877,19339,20421,,,19090,21239
63,23133,22765,22747,22330,22884,23307,21473,21806,21975,22405,21808,22127,22356,20878,21078,20570,20754,20793,19556,20425,20354,20551,21464,20401,20594,20908,20901,21109,21408,20767,21090,21839,20876,20463,20995,21868,,19555,,20745,19926,,20276,21579,,20614,,21025,,20083,20399,19979,20883,,19834,,20439,,20889,20956,22370,19224,22076,21845,21520,22365,21340,,,20846,22388,22673,22824,,22811,22023,,22965,18948,22058,,,,,23117,,,22270,,22737,23174,,,,,,,,21791,,,,20592,,19558,19248,,18971,,20799,,,19454,21609
64,23548,23172,23134,22712,23284,23712,21840,22166,22366,22802,22196,22524,22751,21245,21444,20931,21143,21174,19926,20789,20723,20892,21839,20756,20962,21274,21272,21513,21811,21134,21464,22237,21242,20845,21362,22267,,19865,,21095,20255,,20572,21938,,21000,,21355,,,20738,20296,21209,,20154,,20768,,21235,21316,22769,19556,22449,22205,21889,22742,21691,,,21200,22736,23022,23220,,23217,22415,,23366,19220,22420,,,,,23487,,,22624,,23086,23528,,,,,,,,22165,,,,20714,,19626,19654,,,,21189,,,19726,21876
65,23973,,23548,23100,23689,24149,22216,22550,22730,23174,22575,22916,23158,21608,21835,21302,21529,21536,20284,21168,21065,21255,22227,21123,21317,21638,21662,21906,22212,21502,21849,22644,21622,21239,21737,22678,,20208,,21438,20595,,20873,22304,,21371,,21676,,,21087,20620,21556,,20480,,21104,,21588,21673,23156,19845,22845,22606,22268,23145,22035,,,21549,23087,23412,23602,,23591,22817,,23774,19480,22806,,,,,23882,,,23021,,,23883,,,,,,,,22528,,,,20763,,19811,,,,,21553,,,20101,22238
66,24405,,23947,23513,24099,24570,22621,22923,23115,23572,22981,23335,23574,21997,22240,21668,21911,21923,20652,21529,21433,21618,22626,21490,21699,22011,22051,22293,22625,21881,22260,23063,22019,21606,22106,23064,,20560,,21773,20933,,21177,22679,,21736,,22016,,,21429,20953,21895,,20812,,21459,,21949,22054,23549,20111,23213,22996,22637,23537,22401,,,21907,23443,23789,24010,,23990,23210,,24190,19765,23181,,,,,24280,,,23408,,,24262,,,,,,,,22881,,,,20836,,,,,,,21930,,,20328,22605
67,24843,,24373,23912,24491,24999,23020,23305,23506,23998,23380,23740,23978,22349,22624,22044,22287,22304,21034,21913,21799,21992,23021,21870,22082,22392,22433,22690,23038,22258,22664,23452,22415,21981,22486,23474,,20907,,22127,21266,,21469,23080,,22092,,22359,,,21763,21296,22240,,21152,,21806,,22299,22429,23947,20403,23604,23373,23013,23955,22790,,,22274,23820,24145,24447,,24397,23608,,24565,20044,23561,,,,,24682,,,23780,,,24665,,,,,,,,23240,,,,20966,,,,,,,22330,,,20341,22979
68,25286,,24781,24316,24938,25434,23407,23691,23900,24408,23786,24151,24389,22730,23019,22431,22671,22693,21415,22296,22192,22363,23428,22247,22473,22765,22825,23079,23464,22643,23061,23869,22801,22387,22875,23891,,21225,,22486,21605,,21777,23470,,22455,,22704,,,22117,21632,22590,,21485,,22160,,22653,22775,24328,20686,23980,23774,23375,24355,23148,,,22632,24201,24521,24843,,24790,23991,,,20324,23944,,,,,25114,,,24154,,,25043,,,,,,,,23623,,,,21342,,,,,,,22723,,,20354,23375
69,25736,,25218,24723,25366,25902,23800,24107,24282,24822,24200,24569,24803,23118,23421,22812,23066,23091,21778,22688,22563,22742,23822,22634,22854,23144,23208,23497,23880,23016,23427,24293,23212,22788,23276,24320,,21563,,22834,21949,,22086,23843,,22825,,23051,,,22476,21975,22944,,21838,,22520,,23031,23161,24735,20984,24383,24163,23760,24757,23527,,,22996,24582,24896,25238,,25184,24404,,,20607,24329,,,,,25495,,,24531,,,25445,,,,,,,,24009,,,,21509,,,,,,,23123,,,20743,23781
70,26156,,25639,25162,25797,26373,24220,24503,,25211,24622,24991,25245,23511,23831,23203,23453,23476,22167,23091,22958,23130,24219,23015,23262,23528,23620,23915,24306,23417,23839,24723,23612,23182,23664,24755,,21921,,23204,22296,,22395,24195,,23199,,23398,,,22860,22325,23302,,22166,,22867,,23394,23554,25170,21268,24791,24553,24149,25134,23866,,,23367,24962,25321,25661,,25605,24822,,,20905,24715,,,,,25903,,,24906,,,25845,,,,,,,,24372,,,,21644,,,,,,,23513,,,21129,24191
71,26606,,26089,25582,26259,26811,24644,24926,,25654,25023,25389,25662,23908,24250,23599,23843,23865,22552,23483,23339,23522,24642,23401,23699,23916,24019,24346,24739,23807,24260,25135,24018,23601,24078,25173,,22256,,23559,22665,,22705,24593,,23578,,23745,,,23236,22698,23663,,22498,,23218,,23760,23908,25580,21550,25203,24971,24541,25536,24223,,,23738,25341,25691,26082,,26057,25270,,,21208,25126,,,,,26245,,,25307,,,26240,,,,,,,,24732,,,,21879,,,,,,,23908,,,21514,24538
72,27063,,26506,26006,26722,27245,25073,25351,,26067,25453,25814,26080,24286,24674,24021,24238,24260,22944,23902,23746,23920,25068,23795,24106,24308,24447,24783,25175,24225,24689,25547,24430,23984,24473,25621,,22597,,23937,23022,,23013,24968,,23959,,24090,,,23576,23060,24005,,22888,,23573,,24107,24310,26019,21846,25588,25392,24957,25909,24603,,,24108,25714,26089,26531,,26510,25692,,,21500,25538,,,,,,,,25677,,,26663,,,,,,,,25142,,,,22166,,,,,,,24335,,,21745,24829
73,27515,,,26462,27149,27752,25476,25776,,26509,25913,26237,26529,24690,25102,24432,24659,24681,23345,24306,24161,24324,25469,24192,24494,24728,24864,25225,25615,24625,25098,25986,24847,24415,24872,26041,,22941,,24292,23365,,23319,25370,,24344,,24430,,,23915,23409,24368,,23227,,23950,,24476,24691,26425,22126,25998,25786,25348,26336,25009,,,24480,26109,26482,26976,,26923,26114,,,21794,25920,,,,,,,,26102,,,27044,,,,,,,,25579,,,,22652,,,,,,,24743,,,21987,25193
74,28000,,,26915,27607,28215,25936,26200,,26947,26345,26660,26979,25096,25505,24845,25060,25081,23713,24712,24560,24733,25897,24590,24933,25133,25282,25647,26058,25027,25512,26428,25265,24828,25297,26490,,23326,,24672,23730,,23640,25769,,24730,,24791,,,,23738,24730,,23585,,24306,,24843,25071,26860,22418,26437,26209,25737,26796,25363,,,24851,26496,,27379,,27289,26532,,,22120,26328,,,,,,,,26524,,,27451,,,,,,,,25988,,,,23147,,,,,,,25157,,,22384,25323
75,28438,,,27401,28105,28669,26399,26653,,27385,26808,27113,27424,25503,25938,25264,25491,25486,24128,25094,24960,25143,26326,24991,25383,25510,25700,26098,26505,25430,25956,26871,25689,25243,25694,,,23673,,25049,24117,,23978,26195,,25114,,25146,,,,24109,25117,,23943,,24685,,25206,25450,27255,22726,26908,26631,26153,27255,25740,,,25247,26910,,27809,,27677,26944,,,22432,26732,,,,,,,,26975,,,27889,,,,,,,,26394,,,,23627,,,,,,,25564,,,22792,25664
76,28910,,,27883,28554,29157,26866,27104,,27853,27270,27526,27861,25907,26341,25684,25893,25923,24525,,25363,25553,26758,25395,25845,25947,26156,26552,26950,25862,26400,27348,26143,25690,26119,,,24018,,25422,24486,,24313,26582,,25494,,25496,,,,24504,25474,,24298,,25065,,25591,25823,27677,23051,27342,27050,26567,27673,26142,,,25644,27277,,28274,,28092,27385,,,22743,27164,,,,,,,,27422,,,28363,,,,,,,,26793,,,,23964,,,,,,,25977,,,23142,26103
77,29364,,,28314,29038,29629,27296,27552,,28277,27729,27972,28330,26339,26807,26133,26325,26359,24949,,25792,25961,27191,25827,26249,26384,26612,27004,27431,26263,26844,27782,26566,26110,26541,,,24384,,25819,24856,,24642,26958,,25901,,25839,,,,24875,25854,,24652,,25444,,25971,26221,28089,23335,27727,27457,26974,28079,26538,,,26038,27668,,28730,,28535,27818,,,23053,27548,,,,,,,,27824,,,28778,,,,,,,,27221,,,,24319,,,,,,,26386,,,23532,26476
78,29853,,,28822,29504,30136,27761,27991,,28779,28181,28446,28838,26735,27238,26551,26759,26799,25349,,26189,26367,27653,26258,26679,26824,27065,27491,,26690,27321,28249,27019,26562,26958,,,24720,,26182,25224,,24962,27359,,26305,,26204,,,,25243,26228,,25029,,25849,,26344,26646,28531,23675,28138,27893,27370,28514,26922,,,26425,28089,,29170,,28912,28238,,,23360,27955,,,,,,,,28257,,,29221,,,,,,,,27604,,,,24679,,,,,,,26820,,,23930,26710
79,30320,,,29272,29947,,28267,28421,,29221,28623,28919,29285,27197,27701,26998,27188,27233,25777,,26580,26804,28114,26687,27183,27259,27550,27935,,27115,27794,28751,27468,26976,27369,,,25102,,26569,25613,,25328,27749,,26702,,26594,,,,25608,26627,,25377,,26219,,26778,27029,28955,23993,28622,28318,27796,28933,27292,,,26802,28495,,,,,28688,,,23704,28389,,,,,,,,28721,,,29639,,,,,,,,28012,,,,24981,,,,,,,27250,,,24331,27161
80,,,,29754,,,28767,28883,,29695,29097,29369,29821,27619,28115,27440,27650,27697,26173,,27032,27203,28612,27112,27649,27688,27991,28410,,27531,28260,29243,27909,27462,27807,,,25508,,27022,25966,,25689,28127,,27123,,26977,,,,25998,27052,,25748,,26577,,27172,27433,29409,24307,29095,28772,28212,29382,27644,,,27204,28926,,,,,29171,,,24024,,,,,,,,,29170,,,30089,,,,,,,,28448,,,,25330,,,,,,,27518,,,24714,27619
81,,,,30214,,,29260,29385,,30205,29612,29852,30283,28071,28557,27915,28104,28154,26634,,27441,27628,29097,27527,28108,28147,28463,28874,,27975,28715,29718,28382,,28232,,,25883,,27394,26370,,26041,28625,,27535,,27354,,,,26380,27466,,26143,,26990,,27552,27785,29840,24614,29553,29210,28704,29757,28143,,,27596,29333,,,,,29642,,,24362,,,,,,,,,29596,,,30518,,,,,,,,28868,,,,25934,,,,,,,27836,,,25119,27733
82,,,,,,,29800,29874,,30693,30055,30316,30781,28512,29034,28341,28547,28600,27059,,27877,28082,29564,27972,28600,28593,28976,29327,,28407,29204,30174,28848,,28639,,,26251,,27749,26765,,26383,29060,,27936,,27718,,,,26786,27827,,26498,,27392,,27956,28201,30302,24963,30043,29679,,30158,28589,,,27973,29766,,,,,,,,24696,,,,,,,,,30053,,,30983,,,,,,,,29319,,,,26273,,,,,,,28300,,,25529,28143
83,,,,,,,30266,30341,,31151,30528,,,28934,29500,28801,28973,29079,27514,,28301,28527,30008,28452,29081,29071,29481,,,28826,29678,,29352,,29074,,,26643,,28166,27148,,26745,29470,,28365,,28102,,,,27179,28208,,26873,,27780,,28344,28555,30734,25307,30456,30126,,30650,28969,,,28374,30230,,,,,,,,25049,,,,,,,,,30480,,,,,,,,,,,29803,,,,26590,,,,,,,28658,,,25970,28579
84,,,,,,,30763,30846,,31714,,,,29439,30001,29298,29430,29545,27918,,28755,28956,30486,28876,29547,29533,29979,,,29275,30187,,29840,,29543,,,27062,,28565,27519,,27128,29907,,28731,,28508,,,,27558,28570,,27270,,28149,,28760,29026,31267,25644,30961,30605,,,,,,,30670,,,,,,,,25424,,,,,,,,,30936,,,,,,,,,,,,,,,26900,,,,,,,29134,,,26275,29003
85,,,,,,,,31321,,32170,,,,29874,30480,29724,29920,30050,28395,,29195,29413,,29329,29991,30028,30459,,,29755,30677,,30307,,29990,,,27397,,28991,27915,,27537,30379,,29172,,28889,,,,27959,29000,,27654,,28589,,29201,29427,,25968,31438,31121,,,,,,,,,,,,,,,25764,,,,,,,,,31427,,,,,,,,,,,,,,,27223,,,,,,,29613,,,26567,29462
86,,,,,,,,31831,,32658,,,,30338,30935,30179,30332,30537,28862,,29665,29846,,29759,30531,30505,30978,,,30212,31138,,30873,,,,,27790,,,28382,,27892,30822,,29594,,29292,,,,28347,29461,,28062,,28967,,29620,29855,,26279,,31538,,,,,,,,,,,,,,,26095,,,,,,,,,31878,,,,,,,,,,,,,,,27719,,,,,,,,,,26800,29780
87,,,,,,,,32385,,,,,,30776,31426,30669,30838,30994,29365,,30119,30249,,30220,31054,31018,31546,,,30641,31633,,31348,,,,,28165,,,28794,,28269,31299,,29990,,29721,,,,28807,29902,,28451,,29421,,30007,30257,,26605,,32062,,,,,,,,,,,,,,,26446,,,,,,,,,32360,,,,,,,,,,,,,,,28301,,,,,,,,,,27225,30245
88,,,,,,,,,,,,,,,,31129,31318,31557,29799,,30544,30741,,30714,31473,31509,32005,,,31098,32090,,31786,,,,,28608,,,29183,,28581,31663,,30414,,30120,,,,29199,30315,,28817,,29798,,30482,30688,,26947,,,,,,,,,,,,,,,,,,,,,,,,,,32788,,,,,,,,,,,,,,,28852,,,,,,,,,,27567,30426
89,,,,,,,,,,,,,,,,,31757,32016,30323,,30997,31204,,31180,31999,32043,32582,,,31517,,,32338,,,,,29037,,,29596,,,32129,,30867,,30482,,,,29614,30691,,29255,,30257,,30863,31152,,27309,,,,,,,,,,,,,,,,,,,,,,,,,,33244,,,,,,,,,,,,,,,29408,,,,,,,,,,27762,30806
90,,,,,,,,,,,,,,,,,,32507,30828,,31484,31629,,31606,32485,32539,33025,,,31965,,,,,,,,29445,,,29981,,,32628,,31281,,30931,,,,30057,31092,,29674,,30623,,31268,,,27651,,,,,,,,,,,,,,,,,,,,,,,,,,33634,,,,,,,,,,,,,,,29951,,,,,,,,,,28217,31007
91,,,,,,,,,,,,,,,,,,,31302,,,32086,,,33018,33073,,,,,,,,,,,,29827,,,30450,,,,,31720,,31344,,,,30533,31517,,30009,,31011,,,,,27933,,,,,,,,,,,,,,,,,,,,,,,,,,,,,,,,,,,,,,,,,,,,,,,,,,,28673,31143
92,,,,,,,,,,,,,,,,,,,31812,,,,,,33495,33552,,,,,,,,,,,,30236,,,30827,,,,,32189,,31783,,,,30915,31894,,30424,,,,,,,28271,,,,,,,,,,,,,,,,,,,,,,,,,,,,,,,,,,,,,,,,,,,,,,,,,,,29003,31498
93,,,,,,,,,,,,,,,,,,,32283,,,,,,34017,,,,,,,,,,,,,30673,,,31227,,,,,,,32172,,,,31324,32376,,30804,,,,,,,28631,,,,,,,,,,,,,,,,,,,,,,,,,,,,,,,,,,,,,,,,,,,,,,,,,,,29103,31567
94,,,,,,,,,,,,,,,,,,,32788,,,,,,,,,,,,,,,,,,,31072,,,31582,,,,,,,32584,,,,31691,32808,,,,,,,,,28963,,,,,,,,,,,,,,,,,,,,,,,,,,,,,,,,,,,,,,,,,,,,,,,,,,,29570,
95,,,,,,,,,,,,,,,,,,,33242,,,,,,,,,,,,,,,,,,,31497,,,31958,,,,,,,33021,,,,32166,33270,,,,,,,,,29262,,,,,,,,,,,,,,,,,,,,,,,,,,,,,,,,,,,,,,,,,,,,,,,,,,,29843,
96,,,,,,,,,,,,,,,,,,,33832,,,,,,,,,,,,,,,,,,,31874,,,32523,,,,,,,33488,,,,32591,33664,,,,,,,,,29576,,,,,,,,,,,,,,,,,,,,,,,,,,,,,,,,,,,,,,,,,,,,,,,,,,,30312,
97,,,,,,,,,,,,,,,,,,,,,,,,,,,,,,,,,,,,,,32273,,,32959,,,,,,,,,,,,,,,,,,,,,29907,,,,,,,,,,,,,,,,,,,,,,,,,,,,,,,,,,,,,,,,,,,,,,,,,,,30554,
98,,,,,,,,,,,,,,,,,,,,,,,,,,,,,,,,,,,,,,32785,,,33332,,,,,,,,,,,,,,,,,,,,,30257,,,,,,,,,,,,,,,,,,,,,,,,,,,,,,,,,,,,,,,,,,,,,,,,,,,,
99,,,,,,,,,,,,,,,,,,,,,,,,,,,,,,,,,,,,,,33242,,,33728,,,,,,,,,,,,,,,,,,,,,30628,,,,,,,,,,,,,,,,,,,,,,,,,,,,,,,,,,,,,,,,,,,,,,,,,,,,
100,,,,,,,,,,,,,,,,,,,,,,,,,,,,,,,,,,,,,,33631,,,34150,,,,,,,,,,,,,,,,,,,,,,,,,,,,,,,,,,,,,,,,,,,,,,,,,,,,,,,,,,,,,,,,,,,,,,,,,
